Time,Solar Radiation,Solar Irradiation
1/6/2019 0:00:00,0.0,145.02314814814932
1/6/2019 1:00:00,0.0,145.02314814814932
1/6/2019 2:00:00,0.0,145.02314814814932
1/6/2019 3:00:00,0.0,145.02314814814932
1/6/2019 4:00:00,0.0,145.02314814814932
1/6/2019 5:00:00,3.3763636363636365,145.02314814814932
1/6/2019 6:00:00,71.99090909090908,145.02314814814932
1/6/2019 7:00:00,268.0109090909091,145.02314814814932
1/6/2019 8:00:00,332.3168181818182,145.02314814814932
1/6/2019 9:00:00,357.86727272727273,145.02314814814932
1/6/2019 10:00:00,341.78409090909093,145.02314814814932
1/6/2019 11:00:00,222.605,145.02314814814932
1/6/2019 12:00:00,168.21045454545455,145.02314814814932
1/6/2019 13:00:00,110.24909090909091,145.02314814814932
1/6/2019 14:00:00,62.56227272727273,145.02314814814932
1/6/2019 15:00:00,10.195,145.02314814814932
1/6/2019 16:00:00,0.0,145.02314814814932
1/6/2019 17:00:00,0.0,145.02314814814932
1/6/2019 18:00:00,0.0,145.02314814814932
1/6/2019 19:00:00,0.0,145.02314814814932
1/6/2019 20:00:00,0.0,145.02314814814932
1/6/2019 21:00:00,0.0,145.02314814814932
1/6/2019 22:00:00,0.0,145.02314814814932
1/6/2019 23:00:00,0.0,116.31944444444537
2/6/2019 0:00:00,0.0,116.31944444444537
2/6/2019 1:00:00,0.0,116.31944444444537
2/6/2019 2:00:00,0.0,116.31944444444537
2/6/2019 3:00:00,0.0,116.31944444444537
2/6/2019 4:00:00,0.0,116.31944444444537
2/6/2019 5:00:00,6.134545454545455,116.31944444444537
2/6/2019 6:00:00,157.87272727272727,116.31944444444537
2/6/2019 7:00:00,232.50227272727273,116.31944444444537
2/6/2019 8:00:00,136.87818181818182,116.31944444444537
2/6/2019 9:00:00,351.70181818181817,116.31944444444537
2/6/2019 10:00:00,204.10454545454544,116.31944444444537
2/6/2019 11:00:00,181.82545454545453,116.31944444444537
2/6/2019 12:00:00,78.38409090909092,116.31944444444537
2/6/2019 13:00:00,131.77727272727273,116.31944444444537
2/6/2019 14:00:00,83.31090909090909,116.31944444444537
2/6/2019 15:00:00,15.490454545454545,116.31944444444537
2/6/2019 16:00:00,0.0,116.31944444444537
2/6/2019 17:00:00,0.0,116.31944444444537
2/6/2019 18:00:00,0.0,116.31944444444537
2/6/2019 19:00:00,0.0,116.31944444444537
2/6/2019 20:00:00,0.0,116.31944444444537
2/6/2019 21:00:00,0.0,116.31944444444537
2/6/2019 22:00:00,0.0,116.31944444444537
2/6/2019 23:00:00,0.0,163.31018518518647
3/6/2019 0:00:00,0.0,163.31018518518647
3/6/2019 1:00:00,0.0,163.31018518518647
3/6/2019 2:00:00,nan,163.31018518518647
3/6/2019 3:00:00,nan,163.31018518518647
3/6/2019 4:00:00,nan,163.31018518518647
3/6/2019 5:00:00,nan,163.31018518518647
3/6/2019 6:00:00,123.21409090909091,163.31018518518647
3/6/2019 7:00:00,161.145,163.31018518518647
3/6/2019 8:00:00,311.4409090909091,163.31018518518647
3/6/2019 9:00:00,358.01272727272726,163.31018518518647
3/6/2019 10:00:00,164.72272727272727,163.31018518518647
3/6/2019 11:00:00,218.1768181818182,163.31018518518647
3/6/2019 12:00:00,186.31681818181818,163.31018518518647
3/6/2019 13:00:00,136.61863636363637,163.31018518518647
3/6/2019 14:00:00,72.35909090909091,163.31018518518647
3/6/2019 15:00:00,22.669545454545453,163.31018518518647
3/6/2019 16:00:00,0.0,163.31018518518647
3/6/2019 17:00:00,0.0,163.31018518518647
3/6/2019 18:00:00,0.0,163.31018518518647
3/6/2019 19:00:00,0.0,163.31018518518647
3/6/2019 20:00:00,0.0,163.31018518518647
3/6/2019 21:00:00,0.0,163.31018518518647
3/6/2019 22:00:00,0.0,163.31018518518647
3/6/2019 23:00:00,0.0,164.69907407407538
4/6/2019 0:00:00,0.0,164.69907407407538
4/6/2019 1:00:00,0.0,164.69907407407538
4/6/2019 2:00:00,0.0,164.69907407407538
4/6/2019 3:00:00,0.0,164.69907407407538
4/6/2019 4:00:00,0.0,164.69907407407538
4/6/2019 5:00:00,6.380909090909091,164.69907407407538
4/6/2019 6:00:00,152.15863636363636,164.69907407407538
4/6/2019 7:00:00,270.3577272727273,164.69907407407538
4/6/2019 8:00:00,318.815,164.69907407407538
4/6/2019 9:00:00,341.45681818181816,164.69907407407538
4/6/2019 10:00:00,298.25954545454545,164.69907407407538
4/6/2019 11:00:00,254.27954545454546,164.69907407407538
4/6/2019 12:00:00,169.86409090909092,164.69907407407538
4/6/2019 13:00:00,129.32,164.69907407407538
4/6/2019 14:00:00,67.82818181818182,164.69907407407538
4/6/2019 15:00:00,19.75181818181818,164.69907407407538
4/6/2019 16:00:00,0.0,164.69907407407538
4/6/2019 17:00:00,0.0,164.69907407407538
4/6/2019 18:00:00,0.0,164.69907407407538
4/6/2019 19:00:00,0.0,164.69907407407538
4/6/2019 20:00:00,0.0,164.69907407407538
4/6/2019 21:00:00,0.0,164.69907407407538
4/6/2019 22:00:00,0.0,164.69907407407538
4/6/2019 23:00:00,0.0,156.82870370370495
5/6/2019 0:00:00,0.0,156.82870370370495
5/6/2019 1:00:00,0.0,156.82870370370495
5/6/2019 2:00:00,0.0,156.82870370370495
5/6/2019 3:00:00,0.0,156.82870370370495
5/6/2019 4:00:00,0.0,156.82870370370495
5/6/2019 5:00:00,5.180454545454546,156.82870370370495
5/6/2019 6:00:00,151.53454545454545,156.82870370370495
5/6/2019 7:00:00,285.4286363636364,156.82870370370495
5/6/2019 8:00:00,345.115,156.82870370370495
5/6/2019 9:00:00,357.93545454545455,156.82870370370495
5/6/2019 10:00:00,344.8427272727273,156.82870370370495
5/6/2019 11:00:00,241.87363636363636,156.82870370370495
5/6/2019 12:00:00,181.00454545454545,156.82870370370495
5/6/2019 13:00:00,nan,156.82870370370495
5/6/2019 14:00:00,81.88863636363637,156.82870370370495
5/6/2019 15:00:00,21.599999999999998,156.82870370370495
5/6/2019 16:00:00,0.0,156.82870370370495
5/6/2019 17:00:00,0.0,156.82870370370495
5/6/2019 18:00:00,0.0,156.82870370370495
5/6/2019 19:00:00,0.0,156.82870370370495
5/6/2019 20:00:00,0.0,156.82870370370495
5/6/2019 21:00:00,0.0,156.82870370370495
5/6/2019 22:00:00,0.0,156.82870370370495
5/6/2019 23:00:00,0.0,158.21759259259386
6/6/2019 0:00:00,0.0,158.21759259259386
6/6/2019 1:00:00,0.0,158.21759259259386
6/6/2019 2:00:00,0.0,158.21759259259386
6/6/2019 3:00:00,0.0,158.21759259259386
6/6/2019 4:00:00,0.0,158.21759259259386
6/6/2019 5:00:00,7.955454545454545,158.21759259259386
6/6/2019 6:00:00,154.5040909090909,158.21759259259386
6/6/2019 7:00:00,285.27727272727276,158.21759259259386
6/6/2019 8:00:00,331.21090909090907,158.21759259259386
6/6/2019 9:00:00,288.28545454545457,158.21759259259386
6/6/2019 10:00:00,300.87136363636364,158.21759259259386
6/6/2019 11:00:00,243.28,158.21759259259386
6/6/2019 12:00:00,143.70136363636362,158.21759259259386
6/6/2019 13:00:00,119.87363636363636,158.21759259259386
6/6/2019 14:00:00,82.15545454545455,158.21759259259386
6/6/2019 15:00:00,20.28590909090909,158.21759259259386
6/6/2019 16:00:00,0.0,158.21759259259386
6/6/2019 17:00:00,0.0,158.21759259259386
6/6/2019 18:00:00,0.0,158.21759259259386
6/6/2019 19:00:00,0.0,158.21759259259386
6/6/2019 20:00:00,0.0,158.21759259259386
6/6/2019 21:00:00,0.0,158.21759259259386
6/6/2019 22:00:00,0.0,158.21759259259386
6/6/2019 23:00:00,0.0,112.73148148148238
7/6/2019 0:00:00,0.0,112.73148148148238
7/6/2019 1:00:00,0.0,112.73148148148238
7/6/2019 2:00:00,0.0,112.73148148148238
7/6/2019 3:00:00,0.0,112.73148148148238
7/6/2019 4:00:00,0.0,112.73148148148238
7/6/2019 5:00:00,5.835000000000001,112.73148148148238
7/6/2019 6:00:00,142.05818181818182,112.73148148148238
7/6/2019 7:00:00,177.95090909090908,112.73148148148238
7/6/2019 8:00:00,329.4509090909091,112.73148148148238
7/6/2019 9:00:00,348.9440909090909,112.73148148148238
7/6/2019 10:00:00,173.555,112.73148148148238
7/6/2019 11:00:00,135.5340909090909,112.73148148148238
7/6/2019 12:00:00,97.11272727272727,112.73148148148238
7/6/2019 13:00:00,80.6659090909091,112.73148148148238
7/6/2019 14:00:00,61.94,112.73148148148238
7/6/2019 15:00:00,15.356363636363636,112.73148148148238
7/6/2019 16:00:00,0.0,112.73148148148238
7/6/2019 17:00:00,0.0,112.73148148148238
7/6/2019 18:00:00,0.0,112.73148148148238
7/6/2019 19:00:00,0.0,112.73148148148238
7/6/2019 20:00:00,0.0,112.73148148148238
7/6/2019 21:00:00,0.0,112.73148148148238
7/6/2019 22:00:00,0.0,112.73148148148238
7/6/2019 23:00:00,0.0,67.01388888888943
8/6/2019 0:00:00,0.0,67.01388888888943
8/6/2019 1:00:00,0.0,67.01388888888943
8/6/2019 2:00:00,0.0,67.01388888888943
8/6/2019 3:00:00,0.0,67.01388888888943
8/6/2019 4:00:00,0.0,67.01388888888943
8/6/2019 5:00:00,5.867272727272727,67.01388888888943
8/6/2019 6:00:00,56.68,67.01388888888943
8/6/2019 7:00:00,77.7840909090909,67.01388888888943
8/6/2019 8:00:00,105.90045454545454,67.01388888888943
8/6/2019 9:00:00,89.41000000000001,67.01388888888943
8/6/2019 10:00:00,71.00772727272727,67.01388888888943
8/6/2019 11:00:00,77.58045454545454,67.01388888888943
8/6/2019 12:00:00,40.48863636363637,67.01388888888943
8/6/2019 13:00:00,24.26818181818182,67.01388888888943
8/6/2019 14:00:00,18.319545454545455,67.01388888888943
8/6/2019 15:00:00,8.004545454545454,67.01388888888943
8/6/2019 16:00:00,0.0,67.01388888888943
8/6/2019 17:00:00,0.0,67.01388888888943
8/6/2019 18:00:00,0.0,67.01388888888943
8/6/2019 19:00:00,0.0,67.01388888888943
8/6/2019 20:00:00,0.0,67.01388888888943
8/6/2019 21:00:00,0.0,67.01388888888943
8/6/2019 22:00:00,nan,67.01388888888943
8/6/2019 23:00:00,nan,160.18518518518647
9/6/2019 0:00:00,nan,160.18518518518647
9/6/2019 1:00:00,nan,160.18518518518647
9/6/2019 2:00:00,nan,160.18518518518647
9/6/2019 3:00:00,nan,160.18518518518647
9/6/2019 4:00:00,0.0,160.18518518518647
9/6/2019 5:00:00,nan,160.18518518518647
9/6/2019 6:00:00,nan,160.18518518518647
9/6/2019 7:00:00,171.66272727272727,160.18518518518647
9/6/2019 8:00:00,320.79818181818183,160.18518518518647
9/6/2019 9:00:00,355.79727272727274,160.18518518518647
9/6/2019 10:00:00,342.865,160.18518518518647
9/6/2019 11:00:00,237.80045454545453,160.18518518518647
9/6/2019 12:00:00,158.43954545454545,160.18518518518647
9/6/2019 13:00:00,167.1081818181818,160.18518518518647
9/6/2019 14:00:00,90.63318181818182,160.18518518518647
9/6/2019 15:00:00,25.342727272727274,160.18518518518647
9/6/2019 16:00:00,0.0,160.18518518518647
9/6/2019 17:00:00,0.0,160.18518518518647
9/6/2019 18:00:00,0.0,160.18518518518647
9/6/2019 19:00:00,0.0,160.18518518518647
9/6/2019 20:00:00,0.0,160.18518518518647
9/6/2019 21:00:00,0.0,160.18518518518647
9/6/2019 22:00:00,0.0,160.18518518518647
9/6/2019 23:00:00,0.0,152.66203703703826
10/6/2019 0:00:00,0.0,152.66203703703826
10/6/2019 1:00:00,0.0,152.66203703703826
10/6/2019 2:00:00,0.0,152.66203703703826
10/6/2019 3:00:00,0.0,152.66203703703826
10/6/2019 4:00:00,0.0,152.66203703703826
10/6/2019 5:00:00,5.099545454545455,152.66203703703826
10/6/2019 6:00:00,140.6390909090909,152.66203703703826
10/6/2019 7:00:00,270.55954545454546,152.66203703703826
10/6/2019 8:00:00,329.3586363636364,152.66203703703826
10/6/2019 9:00:00,356.2481818181818,152.66203703703826
10/6/2019 10:00:00,345.18954545454545,152.66203703703826
10/6/2019 11:00:00,234.75227272727273,152.66203703703826
10/6/2019 12:00:00,97.17909090909092,152.66203703703826
10/6/2019 13:00:00,71.52318181818181,152.66203703703826
10/6/2019 14:00:00,68.5,152.66203703703826
10/6/2019 15:00:00,18.075454545454544,152.66203703703826
10/6/2019 16:00:00,0.0,152.66203703703826
10/6/2019 17:00:00,0.0,152.66203703703826
10/6/2019 18:00:00,0.0,152.66203703703826
10/6/2019 19:00:00,0.0,152.66203703703826
10/6/2019 20:00:00,0.0,152.66203703703826
10/6/2019 21:00:00,0.0,152.66203703703826
10/6/2019 22:00:00,0.0,152.66203703703826
10/6/2019 23:00:00,0.0,160.87962962963093
11/6/2019 0:00:00,0.0,160.87962962963093
11/6/2019 1:00:00,0.0,160.87962962963093
11/6/2019 2:00:00,nan,160.87962962963093
11/6/2019 3:00:00,nan,160.87962962963093
11/6/2019 4:00:00,nan,160.87962962963093
11/6/2019 5:00:00,nan,160.87962962963093
11/6/2019 6:00:00,nan,160.87962962963093
11/6/2019 7:00:00,nan,160.87962962963093
11/6/2019 8:00:00,nan,160.87962962963093
11/6/2019 9:00:00,nan,160.87962962963093
11/6/2019 10:00:00,nan,160.87962962963093
11/6/2019 11:00:00,nan,160.87962962963093
11/6/2019 12:00:00,nan,160.87962962963093
11/6/2019 13:00:00,nan,160.87962962963093
11/6/2019 14:00:00,nan,160.87962962963093
11/6/2019 15:00:00,nan,160.87962962963093
11/6/2019 16:00:00,nan,160.87962962963093
11/6/2019 17:00:00,nan,160.87962962963093
11/6/2019 18:00:00,nan,160.87962962963093
11/6/2019 19:00:00,nan,160.87962962963093
11/6/2019 20:00:00,nan,160.87962962963093
11/6/2019 21:00:00,nan,160.87962962963093
11/6/2019 22:00:00,nan,160.87962962963093
11/6/2019 23:00:00,nan,141.55092592592706
12/6/2019 0:00:00,nan,141.55092592592706
12/6/2019 1:00:00,nan,141.55092592592706
12/6/2019 2:00:00,nan,141.55092592592706
12/6/2019 3:00:00,nan,141.55092592592706
12/6/2019 4:00:00,nan,141.55092592592706
12/6/2019 5:00:00,nan,141.55092592592706
12/6/2019 6:00:00,nan,141.55092592592706
12/6/2019 7:00:00,nan,141.55092592592706
12/6/2019 8:00:00,nan,141.55092592592706
12/6/2019 9:00:00,nan,141.55092592592706
12/6/2019 10:00:00,nan,141.55092592592706
12/6/2019 11:00:00,nan,141.55092592592706
12/6/2019 12:00:00,nan,141.55092592592706
12/6/2019 13:00:00,nan,141.55092592592706
12/6/2019 14:00:00,nan,141.55092592592706
12/6/2019 15:00:00,nan,141.55092592592706
12/6/2019 16:00:00,nan,141.55092592592706
12/6/2019 17:00:00,nan,141.55092592592706
12/6/2019 18:00:00,nan,141.55092592592706
12/6/2019 19:00:00,nan,141.55092592592706
12/6/2019 20:00:00,nan,141.55092592592706
12/6/2019 21:00:00,nan,141.55092592592706
12/6/2019 22:00:00,nan,141.55092592592706
12/6/2019 23:00:00,nan,138.31018518518627
13/6/2019 0:00:00,nan,138.31018518518627
13/6/2019 1:00:00,nan,138.31018518518627
13/6/2019 2:00:00,nan,138.31018518518627
13/6/2019 3:00:00,nan,138.31018518518627
13/6/2019 4:00:00,nan,138.31018518518627
13/6/2019 5:00:00,nan,138.31018518518627
13/6/2019 6:00:00,nan,138.31018518518627
13/6/2019 7:00:00,nan,138.31018518518627
13/6/2019 8:00:00,nan,138.31018518518627
13/6/2019 9:00:00,nan,138.31018518518627
13/6/2019 10:00:00,nan,138.31018518518627
13/6/2019 11:00:00,nan,138.31018518518627
13/6/2019 12:00:00,nan,138.31018518518627
13/6/2019 13:00:00,nan,138.31018518518627
13/6/2019 14:00:00,nan,138.31018518518627
13/6/2019 15:00:00,nan,138.31018518518627
13/6/2019 16:00:00,nan,138.31018518518627
13/6/2019 17:00:00,nan,138.31018518518627
13/6/2019 18:00:00,nan,138.31018518518627
13/6/2019 19:00:00,nan,138.31018518518627
13/6/2019 20:00:00,nan,138.31018518518627
13/6/2019 21:00:00,nan,138.31018518518627
13/6/2019 22:00:00,nan,138.31018518518627
13/6/2019 23:00:00,nan,160.30092592592717
14/6/2019 0:00:00,nan,160.30092592592717
14/6/2019 1:00:00,nan,160.30092592592717
14/6/2019 2:00:00,nan,160.30092592592717
14/6/2019 3:00:00,nan,160.30092592592717
14/6/2019 4:00:00,nan,160.30092592592717
14/6/2019 5:00:00,nan,160.30092592592717
14/6/2019 6:00:00,nan,160.30092592592717
14/6/2019 7:00:00,nan,160.30092592592717
14/6/2019 8:00:00,nan,160.30092592592717
14/6/2019 9:00:00,nan,160.30092592592717
14/6/2019 10:00:00,nan,160.30092592592717
14/6/2019 11:00:00,nan,160.30092592592717
14/6/2019 12:00:00,nan,160.30092592592717
14/6/2019 13:00:00,nan,160.30092592592717
14/6/2019 14:00:00,nan,160.30092592592717
14/6/2019 15:00:00,nan,160.30092592592717
14/6/2019 16:00:00,nan,160.30092592592717
14/6/2019 17:00:00,nan,160.30092592592717
14/6/2019 18:00:00,nan,160.30092592592717
14/6/2019 19:00:00,nan,160.30092592592717
14/6/2019 20:00:00,nan,160.30092592592717
14/6/2019 21:00:00,nan,160.30092592592717
14/6/2019 22:00:00,nan,160.30092592592717
14/6/2019 23:00:00,nan,158.10185185185313
15/6/2019 0:00:00,nan,158.10185185185313
15/6/2019 1:00:00,nan,158.10185185185313
15/6/2019 2:00:00,nan,158.10185185185313
15/6/2019 3:00:00,nan,158.10185185185313
15/6/2019 4:00:00,nan,158.10185185185313
15/6/2019 5:00:00,nan,158.10185185185313
15/6/2019 6:00:00,nan,158.10185185185313
15/6/2019 7:00:00,nan,158.10185185185313
15/6/2019 8:00:00,nan,158.10185185185313
15/6/2019 9:00:00,nan,158.10185185185313
15/6/2019 10:00:00,nan,158.10185185185313
15/6/2019 11:00:00,nan,158.10185185185313
15/6/2019 12:00:00,nan,158.10185185185313
15/6/2019 13:00:00,nan,158.10185185185313
15/6/2019 14:00:00,nan,158.10185185185313
15/6/2019 15:00:00,nan,158.10185185185313
15/6/2019 16:00:00,nan,158.10185185185313
15/6/2019 17:00:00,nan,158.10185185185313
15/6/2019 18:00:00,nan,158.10185185185313
15/6/2019 19:00:00,nan,158.10185185185313
15/6/2019 20:00:00,nan,158.10185185185313
15/6/2019 21:00:00,nan,158.10185185185313
15/6/2019 22:00:00,nan,158.10185185185313
15/6/2019 23:00:00,nan,106.48148148148232
16/6/2019 0:00:00,nan,106.48148148148232
16/6/2019 1:00:00,nan,106.48148148148232
16/6/2019 2:00:00,nan,106.48148148148232
16/6/2019 3:00:00,nan,106.48148148148232
16/6/2019 4:00:00,nan,106.48148148148232
16/6/2019 5:00:00,nan,106.48148148148232
16/6/2019 6:00:00,nan,106.48148148148232
16/6/2019 7:00:00,nan,106.48148148148232
16/6/2019 8:00:00,nan,106.48148148148232
16/6/2019 9:00:00,nan,106.48148148148232
16/6/2019 10:00:00,nan,106.48148148148232
16/6/2019 11:00:00,nan,106.48148148148232
16/6/2019 12:00:00,nan,106.48148148148232
16/6/2019 13:00:00,nan,106.48148148148232
16/6/2019 14:00:00,nan,106.48148148148232
16/6/2019 15:00:00,nan,106.48148148148232
16/6/2019 16:00:00,nan,106.48148148148232
16/6/2019 17:00:00,nan,106.48148148148232
16/6/2019 18:00:00,nan,106.48148148148232
16/6/2019 19:00:00,nan,106.48148148148232
16/6/2019 20:00:00,nan,106.48148148148232
16/6/2019 21:00:00,nan,106.48148148148232
16/6/2019 22:00:00,nan,106.48148148148232
16/6/2019 23:00:00,nan,160.76388888889016
17/6/2019 0:00:00,nan,160.76388888889016
17/6/2019 1:00:00,nan,160.76388888889016
17/6/2019 2:00:00,nan,160.76388888889016
17/6/2019 3:00:00,nan,160.76388888889016
17/6/2019 4:00:00,nan,160.76388888889016
17/6/2019 5:00:00,nan,160.76388888889016
17/6/2019 6:00:00,nan,160.76388888889016
17/6/2019 7:00:00,nan,160.76388888889016
17/6/2019 8:00:00,nan,160.76388888889016
17/6/2019 9:00:00,nan,160.76388888889016
17/6/2019 10:00:00,nan,160.76388888889016
17/6/2019 11:00:00,nan,160.76388888889016
17/6/2019 12:00:00,nan,160.76388888889016
17/6/2019 13:00:00,nan,160.76388888889016
17/6/2019 14:00:00,nan,160.76388888889016
17/6/2019 15:00:00,nan,160.76388888889016
17/6/2019 16:00:00,nan,160.76388888889016
17/6/2019 17:00:00,nan,160.76388888889016
17/6/2019 18:00:00,nan,160.76388888889016
17/6/2019 19:00:00,nan,160.76388888889016
17/6/2019 20:00:00,nan,160.76388888889016
17/6/2019 21:00:00,nan,160.76388888889016
17/6/2019 22:00:00,nan,160.76388888889016
17/6/2019 23:00:00,nan,160.76388888889016
18/6/2019 0:00:00,nan,160.76388888889016
18/6/2019 1:00:00,nan,160.76388888889016
18/6/2019 2:00:00,nan,160.76388888889016
18/6/2019 3:00:00,nan,160.76388888889016
18/6/2019 4:00:00,nan,160.76388888889016
18/6/2019 5:00:00,nan,160.76388888889016
18/6/2019 6:00:00,nan,160.76388888889016
18/6/2019 7:00:00,nan,160.76388888889016
18/6/2019 8:00:00,nan,160.76388888889016
18/6/2019 9:00:00,nan,160.76388888889016
18/6/2019 10:00:00,nan,160.76388888889016
18/6/2019 11:00:00,nan,160.76388888889016
18/6/2019 12:00:00,nan,160.76388888889016
18/6/2019 13:00:00,nan,160.76388888889016
18/6/2019 14:00:00,nan,160.76388888889016
18/6/2019 15:00:00,nan,160.76388888889016
18/6/2019 16:00:00,nan,160.76388888889016
18/6/2019 17:00:00,nan,160.76388888889016
18/6/2019 18:00:00,nan,160.76388888889016
18/6/2019 19:00:00,nan,160.76388888889016
18/6/2019 20:00:00,nan,160.76388888889016
18/6/2019 21:00:00,nan,160.76388888889016
18/6/2019 22:00:00,nan,160.76388888889016
18/6/2019 23:00:00,nan,160.64814814814943
19/6/2019 0:00:00,nan,160.64814814814943
19/6/2019 1:00:00,nan,160.64814814814943
19/6/2019 2:00:00,nan,160.64814814814943
19/6/2019 3:00:00,nan,160.64814814814943
19/6/2019 4:00:00,nan,160.64814814814943
19/6/2019 5:00:00,nan,160.64814814814943
19/6/2019 6:00:00,nan,160.64814814814943
19/6/2019 7:00:00,nan,160.64814814814943
19/6/2019 8:00:00,nan,160.64814814814943
19/6/2019 9:00:00,nan,160.64814814814943
19/6/2019 10:00:00,nan,160.64814814814943
19/6/2019 11:00:00,nan,160.64814814814943
19/6/2019 12:00:00,nan,160.64814814814943
19/6/2019 13:00:00,nan,160.64814814814943
19/6/2019 14:00:00,nan,160.64814814814943
19/6/2019 15:00:00,nan,160.64814814814943
19/6/2019 16:00:00,nan,160.64814814814943
19/6/2019 17:00:00,nan,160.64814814814943
19/6/2019 18:00:00,nan,160.64814814814943
19/6/2019 19:00:00,nan,160.64814814814943
19/6/2019 20:00:00,nan,160.64814814814943
19/6/2019 21:00:00,nan,160.64814814814943
19/6/2019 22:00:00,nan,160.64814814814943
19/6/2019 23:00:00,nan,84.95370370370438
20/6/2019 0:00:00,nan,84.95370370370438
20/6/2019 1:00:00,nan,84.95370370370438
20/6/2019 2:00:00,nan,84.95370370370438
20/6/2019 3:00:00,nan,84.95370370370438
20/6/2019 4:00:00,nan,84.95370370370438
20/6/2019 5:00:00,nan,84.95370370370438
20/6/2019 6:00:00,nan,84.95370370370438
20/6/2019 7:00:00,nan,84.95370370370438
20/6/2019 8:00:00,nan,84.95370370370438
20/6/2019 9:00:00,nan,84.95370370370438
20/6/2019 10:00:00,nan,84.95370370370438
20/6/2019 11:00:00,nan,84.95370370370438
20/6/2019 12:00:00,nan,84.95370370370438
20/6/2019 13:00:00,nan,84.95370370370438
20/6/2019 14:00:00,nan,84.95370370370438
20/6/2019 15:00:00,nan,84.95370370370438
20/6/2019 16:00:00,nan,84.95370370370438
20/6/2019 17:00:00,nan,84.95370370370438
20/6/2019 18:00:00,nan,84.95370370370438
20/6/2019 19:00:00,nan,84.95370370370438
20/6/2019 20:00:00,nan,84.95370370370438
20/6/2019 21:00:00,nan,84.95370370370438
20/6/2019 22:00:00,nan,84.95370370370438
20/6/2019 23:00:00,nan,157.63888888889014
21/6/2019 0:00:00,nan,157.63888888889014
21/6/2019 1:00:00,nan,157.63888888889014
21/6/2019 2:00:00,nan,157.63888888889014
21/6/2019 3:00:00,nan,157.63888888889014
21/6/2019 4:00:00,nan,157.63888888889014
21/6/2019 5:00:00,nan,157.63888888889014
21/6/2019 6:00:00,nan,157.63888888889014
21/6/2019 7:00:00,nan,157.63888888889014
21/6/2019 8:00:00,nan,157.63888888889014
21/6/2019 9:00:00,nan,157.63888888889014
21/6/2019 10:00:00,nan,157.63888888889014
21/6/2019 11:00:00,nan,157.63888888889014
21/6/2019 12:00:00,nan,157.63888888889014
21/6/2019 13:00:00,nan,157.63888888889014
21/6/2019 14:00:00,nan,157.63888888889014
21/6/2019 15:00:00,nan,157.63888888889014
21/6/2019 16:00:00,nan,157.63888888889014
21/6/2019 17:00:00,nan,157.63888888889014
21/6/2019 18:00:00,nan,157.63888888889014
21/6/2019 19:00:00,nan,157.63888888889014
21/6/2019 20:00:00,nan,157.63888888889014
21/6/2019 21:00:00,nan,157.63888888889014
21/6/2019 22:00:00,nan,157.63888888889014
21/6/2019 23:00:00,nan,160.64814814814943
22/6/2019 0:00:00,nan,160.64814814814943
22/6/2019 1:00:00,nan,160.64814814814943
22/6/2019 2:00:00,nan,160.64814814814943
22/6/2019 3:00:00,nan,160.64814814814943
22/6/2019 4:00:00,nan,160.64814814814943
22/6/2019 5:00:00,nan,160.64814814814943
22/6/2019 6:00:00,nan,160.64814814814943
22/6/2019 7:00:00,nan,160.64814814814943
22/6/2019 8:00:00,nan,160.64814814814943
22/6/2019 9:00:00,nan,160.64814814814943
22/6/2019 10:00:00,nan,160.64814814814943
22/6/2019 11:00:00,nan,160.64814814814943
22/6/2019 12:00:00,nan,160.64814814814943
22/6/2019 13:00:00,nan,160.64814814814943
22/6/2019 14:00:00,nan,160.64814814814943
22/6/2019 15:00:00,nan,160.64814814814943
22/6/2019 16:00:00,nan,160.64814814814943
22/6/2019 17:00:00,nan,160.64814814814943
22/6/2019 18:00:00,nan,160.64814814814943
22/6/2019 19:00:00,nan,160.64814814814943
22/6/2019 20:00:00,nan,160.64814814814943
22/6/2019 21:00:00,nan,160.64814814814943
22/6/2019 22:00:00,nan,160.64814814814943
22/6/2019 23:00:00,nan,138.42592592592703
23/6/2019 0:00:00,nan,138.42592592592703
23/6/2019 1:00:00,nan,138.42592592592703
23/6/2019 2:00:00,nan,138.42592592592703
23/6/2019 3:00:00,nan,138.42592592592703
23/6/2019 4:00:00,nan,138.42592592592703
23/6/2019 5:00:00,nan,138.42592592592703
23/6/2019 6:00:00,nan,138.42592592592703
23/6/2019 7:00:00,nan,138.42592592592703
23/6/2019 8:00:00,nan,138.42592592592703
23/6/2019 9:00:00,nan,138.42592592592703
23/6/2019 10:00:00,nan,138.42592592592703
23/6/2019 11:00:00,nan,138.42592592592703
23/6/2019 12:00:00,nan,138.42592592592703
23/6/2019 13:00:00,nan,138.42592592592703
23/6/2019 14:00:00,nan,138.42592592592703
23/6/2019 15:00:00,nan,138.42592592592703
23/6/2019 16:00:00,nan,138.42592592592703
23/6/2019 17:00:00,nan,138.42592592592703
23/6/2019 18:00:00,nan,138.42592592592703
23/6/2019 19:00:00,nan,138.42592592592703
23/6/2019 20:00:00,nan,138.42592592592703
23/6/2019 21:00:00,nan,138.42592592592703
23/6/2019 22:00:00,nan,138.42592592592703
23/6/2019 23:00:00,nan,160.87962962963093
24/6/2019 0:00:00,nan,160.87962962963093
24/6/2019 1:00:00,nan,160.87962962963093
24/6/2019 2:00:00,nan,160.87962962963093
24/6/2019 3:00:00,nan,160.87962962963093
24/6/2019 4:00:00,nan,160.87962962963093
24/6/2019 5:00:00,nan,160.87962962963093
24/6/2019 6:00:00,nan,160.87962962963093
24/6/2019 7:00:00,nan,160.87962962963093
24/6/2019 8:00:00,nan,160.87962962963093
24/6/2019 9:00:00,nan,160.87962962963093
24/6/2019 10:00:00,nan,160.87962962963093
24/6/2019 11:00:00,nan,160.87962962963093
24/6/2019 12:00:00,nan,160.87962962963093
24/6/2019 13:00:00,nan,160.87962962963093
24/6/2019 14:00:00,nan,160.87962962963093
24/6/2019 15:00:00,42.96363636363636,160.87962962963093
24/6/2019 16:00:00,0.0,160.87962962963093
24/6/2019 17:00:00,0.0,160.87962962963093
24/6/2019 18:00:00,0.0,160.87962962963093
24/6/2019 19:00:00,0.0,160.87962962963093
24/6/2019 20:00:00,0.0,160.87962962963093
24/6/2019 21:00:00,0.0,160.87962962963093
24/6/2019 22:00:00,0.0,160.87962962963093
24/6/2019 23:00:00,0.0,141.6666666666678
25/6/2019 0:00:00,0.0,141.6666666666678
25/6/2019 1:00:00,0.0,141.6666666666678
25/6/2019 2:00:00,0.0,141.6666666666678
25/6/2019 3:00:00,0.0,141.6666666666678
25/6/2019 4:00:00,0.0,141.6666666666678
25/6/2019 5:00:00,3.6163636363636362,141.6666666666678
25/6/2019 6:00:00,112.71363636363637,141.6666666666678
25/6/2019 7:00:00,328.41409090909093,141.6666666666678
25/6/2019 8:00:00,302.04454545454547,141.6666666666678
25/6/2019 9:00:00,393.9977272727273,141.6666666666678
25/6/2019 10:00:00,263.9968181818182,141.6666666666678
25/6/2019 11:00:00,319.2622727272727,141.6666666666678
25/6/2019 12:00:00,261.9040909090909,141.6666666666678
25/6/2019 13:00:00,170.4881818181818,141.6666666666678
25/6/2019 14:00:00,115.73590909090909,141.6666666666678
25/6/2019 15:00:00,24.65681818181818,141.6666666666678
25/6/2019 16:00:00,0.0,141.6666666666678
25/6/2019 17:00:00,0.0,141.6666666666678
25/6/2019 18:00:00,0.0,141.6666666666678
25/6/2019 19:00:00,0.0,141.6666666666678
25/6/2019 20:00:00,0.0,141.6666666666678
25/6/2019 21:00:00,0.0,141.6666666666678
25/6/2019 22:00:00,0.0,141.6666666666678
25/6/2019 23:00:00,0.0,68.28703703703758
26/6/2019 0:00:00,0.0,68.28703703703758
26/6/2019 1:00:00,0.0,68.28703703703758
26/6/2019 2:00:00,0.0,68.28703703703758
26/6/2019 3:00:00,0.0,68.28703703703758
26/6/2019 4:00:00,0.0,68.28703703703758
26/6/2019 5:00:00,0.28363636363636363,68.28703703703758
26/6/2019 6:00:00,83.0340909090909,68.28703703703758
26/6/2019 7:00:00,122.07136363636364,68.28703703703758
26/6/2019 8:00:00,203.13,68.28703703703758
26/6/2019 9:00:00,226.22727272727272,68.28703703703758
26/6/2019 10:00:00,115.5909090909091,68.28703703703758
26/6/2019 11:00:00,150.24454545454546,68.28703703703758
26/6/2019 12:00:00,106.32545454545455,68.28703703703758
26/6/2019 13:00:00,85.58136363636363,68.28703703703758
26/6/2019 14:00:00,52.67909090909091,68.28703703703758
26/6/2019 15:00:00,8.281818181818181,68.28703703703758
26/6/2019 16:00:00,0.0,68.28703703703758
26/6/2019 17:00:00,0.0,68.28703703703758
26/6/2019 18:00:00,0.0,68.28703703703758
26/6/2019 19:00:00,0.0,68.28703703703758
26/6/2019 20:00:00,0.0,68.28703703703758
26/6/2019 21:00:00,0.0,68.28703703703758
26/6/2019 22:00:00,0.0,68.28703703703758
26/6/2019 23:00:00,0.0,146.1805555555567
27/6/2019 0:00:00,0.0,146.1805555555567
27/6/2019 1:00:00,0.0,146.1805555555567
27/6/2019 2:00:00,0.0,146.1805555555567
27/6/2019 3:00:00,0.0,146.1805555555567
27/6/2019 4:00:00,0.0,146.1805555555567
27/6/2019 5:00:00,7.535454545454545,146.1805555555567
27/6/2019 6:00:00,197.94136363636363,146.1805555555567
27/6/2019 7:00:00,384.13136363636363,146.1805555555567
27/6/2019 8:00:00,622.5927272727273,146.1805555555567
27/6/2019 9:00:00,645.56,146.1805555555567
27/6/2019 10:00:00,397.25863636363636,146.1805555555567
27/6/2019 11:00:00,424.7836363636364,146.1805555555567
27/6/2019 12:00:00,319.33045454545453,146.1805555555567
27/6/2019 13:00:00,197.17727272727274,146.1805555555567
27/6/2019 14:00:00,110.55409090909092,146.1805555555567
27/6/2019 15:00:00,31.74318181818182,146.1805555555567
27/6/2019 16:00:00,0.0,146.1805555555567
27/6/2019 17:00:00,0.0,146.1805555555567
27/6/2019 18:00:00,0.0,146.1805555555567
27/6/2019 19:00:00,0.0,146.1805555555567
27/6/2019 20:00:00,0.0,146.1805555555567
27/6/2019 21:00:00,0.0,146.1805555555567
27/6/2019 22:00:00,0.0,146.1805555555567
27/6/2019 23:00:00,0.0,145.25462962963078
28/6/2019 0:00:00,0.0,145.25462962963078
28/6/2019 1:00:00,0.0,145.25462962963078
28/6/2019 2:00:00,0.0,145.25462962963078
28/6/2019 3:00:00,0.0,145.25462962963078
28/6/2019 4:00:00,0.0,145.25462962963078
28/6/2019 5:00:00,6.543181818181819,145.25462962963078
28/6/2019 6:00:00,213.09681818181818,145.25462962963078
28/6/2019 7:00:00,444.9677272727273,145.25462962963078
28/6/2019 8:00:00,414.6840909090909,145.25462962963078
28/6/2019 9:00:00,553.699090909091,145.25462962963078
28/6/2019 10:00:00,382.9709090909091,145.25462962963078
28/6/2019 11:00:00,384.355,145.25462962963078
28/6/2019 12:00:00,262.7063636363636,145.25462962963078
28/6/2019 13:00:00,199.3090909090909,145.25462962963078
28/6/2019 14:00:00,118.25181818181818,145.25462962963078
28/6/2019 15:00:00,39.88363636363636,145.25462962963078
28/6/2019 16:00:00,0.0,145.25462962963078
28/6/2019 17:00:00,0.0,145.25462962963078
28/6/2019 18:00:00,0.0,145.25462962963078
28/6/2019 19:00:00,0.0,145.25462962963078
28/6/2019 20:00:00,0.0,145.25462962963078
28/6/2019 21:00:00,0.0,145.25462962963078
28/6/2019 22:00:00,0.0,145.25462962963078
28/6/2019 23:00:00,0.0,140.50925925926038
29/6/2019 0:00:00,0.0,140.50925925926038
29/6/2019 1:00:00,0.0,140.50925925926038
29/6/2019 2:00:00,0.0,140.50925925926038
29/6/2019 3:00:00,0.0,140.50925925926038
29/6/2019 4:00:00,0.0,140.50925925926038
29/6/2019 5:00:00,4.6859090909090915,140.50925925926038
29/6/2019 6:00:00,140.3740909090909,140.50925925926038
29/6/2019 7:00:00,317.93363636363637,140.50925925926038
29/6/2019 8:00:00,504.6390909090909,140.50925925926038
29/6/2019 9:00:00,375.9581818181818,140.50925925926038
29/6/2019 10:00:00,374.005,140.50925925926038
29/6/2019 11:00:00,384.2768181818182,140.50925925926038
29/6/2019 12:00:00,256.0018181818182,140.50925925926038
29/6/2019 13:00:00,208.97136363636363,140.50925925926038
29/6/2019 14:00:00,106.13318181818182,140.50925925926038
29/6/2019 15:00:00,28.94727272727273,140.50925925926038
29/6/2019 16:00:00,0.0,140.50925925926038
29/6/2019 17:00:00,0.0,140.50925925926038
29/6/2019 18:00:00,0.0,140.50925925926038
29/6/2019 19:00:00,0.0,140.50925925926038
29/6/2019 20:00:00,0.0,140.50925925926038
29/6/2019 21:00:00,0.0,140.50925925926038
29/6/2019 22:00:00,0.0,140.50925925926038
29/6/2019 23:00:00,0.0,162.26851851851978
30/6/2019 0:00:00,0.0,162.26851851851978
30/6/2019 1:00:00,0.0,162.26851851851978
30/6/2019 2:00:00,0.0,162.26851851851978
30/6/2019 3:00:00,0.0,162.26851851851978
30/6/2019 4:00:00,0.0,162.26851851851978
30/6/2019 5:00:00,5.7304545454545455,162.26851851851978
30/6/2019 6:00:00,135.52,162.26851851851978
30/6/2019 7:00:00,366.5890909090909,162.26851851851978
30/6/2019 8:00:00,500.8259090909091,162.26851851851978
30/6/2019 9:00:00,546.2127272727273,162.26851851851978
30/6/2019 10:00:00,519.2563636363636,162.26851851851978
30/6/2019 11:00:00,411.25772727272727,162.26851851851978
30/6/2019 12:00:00,281.3436363636364,162.26851851851978
30/6/2019 13:00:00,224.9168181818182,162.26851851851978
30/6/2019 14:00:00,115.13863636363637,162.26851851851978
30/6/2019 15:00:00,32.73954545454546,162.26851851851978
30/6/2019 16:00:00,0.0,162.26851851851978
30/6/2019 17:00:00,0.0,162.26851851851978
30/6/2019 18:00:00,0.0,162.26851851851978
30/6/2019 19:00:00,0.0,162.26851851851978
30/6/2019 20:00:00,0.0,162.26851851851978
30/6/2019 21:00:00,0.0,162.26851851851978
30/6/2019 22:00:00,0.0,162.26851851851978
